AUC	p.value	sensitivity	specificity
0.757845084409136	1.43762700183952e-10	0.77	0.648148148148148
