AUC	p.value	sensitivity	specificity
0.812065541211519	1.16044222361507e-14	0.758181818181818	0.733333333333333
