AUC	p.value	sensitivity	specificity
0.67847619047619	0.000350028685211441	0.744444444444444	0.483333333333333
