AUC	p.value	sensitivity	specificity
0.744878548434299	1.35236000251172e-07	0.818498168498168	0.522222222222222
