AUC	p.value	sensitivity	specificity
0.971027216856892	5.70718310043881e-25	0.992537313432836	0.862745098039216
