AUC	p.value	sensitivity	specificity
0.737329090051862	1.40520566295839e-08	0.726060606060606	0.6375
