AUC	p.value	sensitivity	specificity
0.972418670438473	1.49792477716155e-29	0.930693069306931	0.952380952380952
