AUC	p.value	sensitivity	specificity
0.681226221832016	4.96853803427523e-05	0.711355311355311	0.534444444444444
