AUC	p.value	sensitivity	specificity
0.69206655413552	1.01307534570694e-05	0.786507936507936	0.458888888888889
