AUC	p.value	sensitivity	specificity
0.788521823004582	7.61665343737681e-11	0.911111111111111	0.464444444444444
