AUC	p.value	sensitivity	specificity
0.906197251024837	9.83654721794547e-20	0.902097902097902	0.655172413793103
