AUC	p.value	sensitivity	specificity
0.518820278254241	0.209818994620086	0.580909090909091	0.421481481481482
