AUC	p.value	sensitivity	specificity
0.929483514389175	1.20898035531918e-26	0.924528301886792	0.737373737373737
