AUC	p.value	sensitivity	specificity
0.48562411455171	0.735247770230218	1	0
