mtry,ROC,Sens,Spec
2,0.863945578231292,0.333333333333333,1
3,0.870748299319728,0.333333333333333,1
4,0.880952380952381,0.333333333333333,0.979591836734694
5,0.875,0.333333333333333,0.979591836734694
6,0.879251700680272,0.416666666666667,0.979591836734694
7,0.874149659863946,0.416666666666667,1
