AUC	p.value	sensitivity	specificity
0.44882790165809	0.990457479706573	0.895151515151515	0.0633333333333333
