AUC	p.value	sensitivity	specificity
0.79543847241867	2.41249568704236e-12	0.807575757575758	0.690277777777778
