AUC	p.value	sensitivity	specificity
0.696322760543743	9.33995812376423e-05	0.869444444444444	0.344444444444444
