AUC	p.value	sensitivity	specificity
0.97298710352039	5.30426915889723e-21	0.960264900662252	0.921052631578947
