AUC	p.value	sensitivity	specificity
0.755853087503658	3.91781907183543e-08	0.791208791208791	0.512222222222222
