AUC	p.value	sensitivity	specificity
0.989464442493415	3.18088626768402e-27	0.992537313432836	0.92156862745098
