mtry,ROC,Sens,Spec
2,0.935752078609221,0.814814814814815,0.959183673469388
3,0.928949357520786,0.814814814814815,0.959183673469388
4,0.930839002267574,0.814814814814815,0.959183673469388
5,0.922902494331066,0.814814814814815,0.979591836734694
6,0.924792139077853,0.814814814814815,0.979591836734694
7,0.923658352229781,0.814814814814815,0.959183673469388
