iter	ROC	Sens	Spec
1	0.759002770083102	0.736842105263158	0.736842105263158
