AUC	p.value	sensitivity	specificity
0.705259259259259	9.26358927536437e-06	0.862271062271062	0.486666666666667
