AUC	p.value	sensitivity	specificity
0.766222222222222	1.39416650916264e-08	0.918864468864469	0.546666666666667
