AUC	p.value	sensitivity	specificity
0.871703703703704	1.85509473375742e-19	0.925925925925926	0.78
