mtry,ROC,Sens,Spec
2,0.921600877192982,0.5,0.960526315789474
3,0.906798245614035,0.5,0.947368421052632
4,0.921052631578947,0.5,0.947368421052632
5,0.90844298245614,0.416666666666667,0.947368421052632
6,0.922149122807018,0.416666666666667,0.947368421052632
7,0.922149122807018,0.416666666666667,0.947368421052632
