AUC	p.value	sensitivity	specificity
0.947611111111111	6.32763787415433e-05	0.9375	0.555555555555556
