AUC	p.value	sensitivity	specificity
0.675271098538425	1.49734663886432e-05	0.606363636363636	0.644444444444444
