AUC	p.value	sensitivity	specificity
0.806004340487099	5.56236321460871e-12	0.894126984126984	0.492222222222222
