AUC	p.value	sensitivity	specificity
0.81516759102966	1.33061040693988e-12	0.906825396825397	0.45
