AUC	p.value	sensitivity	specificity
0.53516295025729	0.192639884582659	0.636666666666667	0.382962962962963
