AUC	p.value	sensitivity	specificity
0.54840861444635	0.115294068493067	0.622641509433962	0.393939393939394
