AUC	p.value	sensitivity	specificity
0.787859218598644	1.69210115894388e-08	0.965073529411765	0.302777777777778
