AUC	p.value	sensitivity	specificity
0.831126896997094	1.07434575026087e-10	0.969117647058824	0.327777777777778
