AUC	p.value	sensitivity	specificity
0.965277777777778	1.2634496671699e-05	0.96875	0.555555555555556
