Number-Atts,Number-Significant,Atts,AUC
2,2,U4ATAC SRSF3,0.8819444444444443
2,2,SAM68TV1 SRSF3,0.8263888888888888
