parameter,ROC,Sens,Spec,ROCSD,SensSD,SpecSD
none,0.898915626856803,0.64,0.940998217468806,0.114245600755467,0.249274810268673,0.0389010844248589
