degree,ROC,Sens,Spec,ROCSD,SensSD,SpecSD
1,0.913208556149733,0.648333333333333,0.971954842543078,0.0949789549335229,0.262443206773597,0.0223138660965894
