parameter,ROC,Sens,Spec,ROCSD,SensSD,SpecSD
none,0.623952762923351,0.275,0.972905525846702,0.12722861839811,0.264819391935008,0.0288694917865325
