AUC	p.value	sensitivity	specificity
0.633970734599665	4.56019319166851e-09	0.662121212121212	0.582962962962963
