AUC	p.value	sensitivity	specificity
0.860989171788118	1.74813484607031e-14	0.89981684981685	0.494444444444444
