AUC	p.value	sensitivity	specificity
0.548036882807852	0.171250947986257	1	0
