AUC	p.value	sensitivity	specificity
0.569527067221892	0.0840764643657843	1	0
