AUC	p.value	sensitivity	specificity
0.769257581038689	1.43621360630638e-07	0.860555555555556	0.591666666666667
