AUC	p.value	sensitivity	specificity
0.848379226211223	1.67420949180271e-11	0.889722222222222	0.491666666666667
