AUC	p.value	sensitivity	specificity
0.972464273265946	1.17825450394595e-19	0.986754966887417	0.815789473684211
