AUC	p.value	sensitivity	specificity
0.744797447280799	8.86748602497664e-08	0.907326007326007	0.288888888888889
