AUC	p.value	sensitivity	specificity
0.803343507214206	4.87317344267452e-11	0.884065934065934	0.42
