Number-Atts,Number-Significant,Atts,AUC
2,2,SRSF3 RBM22,0.9545454545454545
3,3,SRSF3 RBM22 RBM3,0.9545454545454545
2,2,RBM22 RBM3,0.9545454545454545
2,2,RBM3 SRSF3,0.9545454545454545
3,3,PTB SRSF3 RBM22,0.9545454545454545
4,4,PTB SRSF3 RBM22 RBM3,0.9545454545454545
2,2,PTB SRSF3,0.9318181818181819
