AUC	p.value	sensitivity	specificity
0.952916666666667	2.57620097987844e-05	0.9375	0.555555555555556
