AUC	p.value	sensitivity	specificity
0.751523809523809	9.35671443541193e-07	0.762222222222222	0.580555555555555
