AUC	p.value	sensitivity	specificity
0.711659114674102	2.81645622800428e-05	0.995555555555556	0.0388888888888889
