AUC	p.value	sensitivity	specificity
0.796183339142558	8.66328012043625e-09	0.969027777777778	0.297222222222222
