AUC	p.value	sensitivity	specificity
0.680249851279001	0.000181317750541839	1	0
