AUC	p.value	sensitivity	specificity
0.700327186198691	3.33736570513118e-05	1	0
