AUC	p.value	sensitivity	specificity
0.720449500554939	1.28737428360659e-06	0.787545787545788	0.538888888888889
