AUC	p.value	sensitivity	specificity
0.78288013318535	7.98935887715091e-10	0.867399267399267	0.423333333333333
