AUC	p.value	sensitivity	specificity
0.923834628190899	7.71788478713427e-20	0.941176470588235	0.735849056603774
