AUC	p.value	sensitivity	specificity
0.739450204967446	5.29838314261557e-08	0.812539682539683	0.464444444444444
