AUC	p.value	sensitivity	specificity
0.780925970581143	2.26632815710903e-10	0.85984126984127	0.651111111111111
