AUC	p.value	sensitivity	specificity
0.997829756450446	4.64458713814089e-39	0.986013986013986	0.96551724137931
