AUC	p.value	sensitivity	specificity
0.627692014484467	0.000799887550454806	0.664545454545455	0.578888888888889
