AUC	p.value	sensitivity	specificity
0.642510005717553	0.000197082119937231	0.669811320754717	0.565656565656566
