AUC	p.value	sensitivity	specificity
0.808109382366808	2.85826864900504e-13	0.771818181818182	0.699074074074074
