mtry,ROC,Sens,Spec
2,0.942554799697657,0.851851851851852,0.959183673469388
3,0.934618291761149,0.851851851851852,0.979591836734694
4,0.935374149659864,0.851851851851852,0.979591836734694
5,0.934240362811791,0.851851851851852,0.979591836734694
6,0.926681783824641,0.851851851851852,0.979591836734694
7,0.914210128495843,0.851851851851852,0.959183673469388
