AUC	p.value	sensitivity	specificity
0.737619047619048	3.28689786700938e-06	0.775555555555556	0.547222222222222
