AUC	p.value	sensitivity	specificity
0.895619047619048	1.67604608777171e-13	0.926666666666667	0.65
