parameter,ROC,Sens,Spec,ROCSD,SensSD,SpecSD
none,0.637589225589226,0.643333333333333,0.525555555555556,0.129494399948987,0.163212326473437,0.166197295649813
