AUC	p.value	sensitivity	specificity
0.796285714285714	2.50184772801812e-08	0.975555555555556	0.236111111111111
