mtry	ROC	Sens	Spec
22	0.871191135734072	0.789473684210526	0.842105263157895
