AUC	p.value	sensitivity	specificity
0.850666666666667	1.27402282154775e-13	0.914102564102564	0.413333333333333
