AUC	p.value	sensitivity	specificity
0.864222222222222	1.48996478453596e-14	0.943040293040293	0.533333333333333
