parameter,ROC,Sens,Spec,ROCSD,SensSD,SpecSD
none,0.649323232323232,0.647575757575758,0.567407407407407,0.117353424936176,0.157833062971847,0.134949759136988
