AUC	p.value	sensitivity	specificity
0.671238095238095	0.0008164295534347	0.884444444444444	0.316666666666667
