AUC	p.value	sensitivity	specificity
0.790666666666667	4.44980884403483e-08	0.92	0.402777777777778
