AUC	p.value	sensitivity	specificity
0.917238095238095	2.88140135634077e-19	0.973333333333333	0.8
