threshold	pruned	ROC	Sens	Spec
0.01	yes	0.789473684210526	0.842105263157895	0.736842105263158
