AUC	p.value	sensitivity	specificity
0.711071107110711	2.8732999587127e-07	0.683333333333333	0.636574074074074
