AUC	p.value	sensitivity	specificity
0.783584608460846	9.23394531621075e-12	0.738484848484849	0.688888888888889
