AUC	p.value	sensitivity	specificity
0.552816990487756	0.0191099177601624	1	0
