AUC	p.value	sensitivity	specificity
0.567679872495446	0.0625528399427277	1	0
