AUC	p.value	sensitivity	specificity
0.737326444946723	2.66988214849708e-06	0.845343137254902	0.425
