AUC	p.value	sensitivity	specificity
0.794155634484985	8.45172888755756e-09	0.956495098039216	0.311111111111111
