AUC	p.value	sensitivity	specificity
0.950597352276397	2.7624936011773e-18	0.969325153374233	0.763157894736842
