AUC	p.value	sensitivity	specificity
0.630202552719201	0.00273271110850355	0.772344322344322	0.377777777777778
