AUC	p.value	sensitivity	specificity
0.988415649278579	2.11072158566694e-30	0.963235294117647	0.981132075471698
