AUC	p.value	sensitivity	specificity
0.811047619047619	5.2377304925675e-09	0.982222222222222	0.191666666666667
