AUC	p.value	sensitivity	specificity
0.870285714285714	4.77468319724961e-12	0.955555555555556	0.369444444444444
