AUC	p.value	sensitivity	specificity
0.536809393727633	0.0572059442961342	0.636666666666667	0.382962962962963
