AUC	p.value	sensitivity	specificity
0.719555555555556	1.2720603665706e-06	0.716300366300366	0.566666666666667
