AUC	p.value	sensitivity	specificity
0.845185185185185	2.96972312002794e-13	0.908974358974359	0.566666666666667
