parameter,ROC,Sens,Spec,ROCSD,SensSD,SpecSD
none,0.750043771043771,0.703636363636364,0.683703703703704,0.108623544717293,0.131492950853846,0.149605222899762
