mtry,ROC,Sens,Spec
2,0.934758771929825,0.333333333333333,0.986842105263158
3,0.932565789473684,0.333333333333333,0.986842105263158
4,0.930921052631579,0.333333333333333,0.947368421052632
5,0.934758771929825,0.416666666666667,0.947368421052632
6,0.929824561403509,0.416666666666667,0.947368421052632
7,0.932565789473684,0.5,0.947368421052632
