AUC	p.value	sensitivity	specificity
0.605962861768873	1.3737784552203e-05	0.912698412698413	0.227777777777778
