AUC	p.value	sensitivity	specificity
0.715960837887067	3.95617407915462e-07	0.9375	0.245901639344262
