AUC	p.value	sensitivity	specificity
0.676058743169399	3.42751241734526e-05	0.962539682539683	0.0531746031746032
