AUC	p.value	sensitivity	specificity
0.690573770491803	7.2521501590701e-06	0.9375	0.229508196721311
