Index	Var	Imp
3	RNU4	0.721527777777778
1	NOVA1	0.627777777777778
2	SRSF1	0.589583333333333
4	RNU4ATAC	0.561111111111111
