ID,NumberAtts,Atts,metricOpt
1,2,RNU4 RNU4ATAC,0.629289562289562
3,2,SRSF1 RNU4ATAC,0.609063973063973
2,2,NOVA1 RNU4ATAC,0.603670033670034
