C	M	ROC	Sens	Spec
0.01	1	0.781163434903047	0.842105263157895	0.684210526315789
