AUC	p.value	sensitivity	specificity
0.5558970856102	0.103269969672107	1	0
