AUC	p.value	sensitivity	specificity
0.624430891726489	4.72331839352116e-08	0.638181818181818	0.608888888888889
