AUC	p.value	sensitivity	specificity
0.642605298265676	0.000211777091314163	0.650943396226415	0.606060606060606
