AUC	p.value	sensitivity	specificity
0.830164029612426	1.03362942717177e-13	0.831325301204819	0.710843373493976
