AUC	p.value	sensitivity	specificity
0.544	0.971403690079303	0.504545454545455	0.397407407407407
