AUC	p.value	sensitivity	specificity
0.661234991423671	3.22439262319544e-05	0.688679245283019	0.525252525252525
