AUC	p.value	sensitivity	specificity
0.646476190476191	0.00352769971464253	0.862222222222222	0.338888888888889
