AUC	p.value	sensitivity	specificity
0.666622394252176	3.10485326217321e-11	0.960634920634921	0.126190476190476
