AUC	p.value	sensitivity	specificity
0.690687613843352	8.07006074099376e-06	0.972222222222222	0.180327868852459
