AUC	p.value	sensitivity	specificity
0.647193128921271	3.42592266608336e-09	0.964920634920635	0.114285714285714
