AUC	p.value	sensitivity	specificity
0.705885701275045	8.20966008903337e-08	0.965277777777778	0.229508196721311
