Number-Atts,Number-Significant,Atts,AUC
4,4,SND1 SAM68TV1 TIA1 FBP11,0.8107142857142856
5,5,SND1 SAM68TV1 TIA1 FBP11 PSF,0.8107142857142856
