AUC	p.value	sensitivity	specificity
0.561850157762107	0.00396924933970164	0.649393939393939	0.527407407407407
