AUC	p.value	sensitivity	specificity
0.617733943205641	0.000360875269339823	0.669811320754717	0.565656565656566
