mtry,ROC,Sens,Spec
2,0.938271604938272,0.916666666666667,0.925925925925926
3,0.921296296296296,0.916666666666667,0.925925925925926
4,0.919753086419753,0.916666666666667,0.925925925925926
5,0.919753086419753,0.916666666666667,0.925925925925926
6,0.919753086419753,0.916666666666667,0.925925925925926
7,0.916666666666667,0.916666666666667,0.888888888888889
