AUC	p.value	sensitivity	specificity
0.813826025459689	1.06125641558111e-13	0.802727272727273	0.689351851851852
