AUC	p.value	sensitivity	specificity
0.844766619519095	3.67016030098961e-16	0.801515151515152	0.700462962962963
