Number-Atts,Number-Significant,Atts,AUC
5,5,TIA1 SF3BTV2 SND1 FBP11 U1,0.8214285714285715
4,4,TIA1 SF3BTV2 SND1 FBP11,0.8000000000000002
