mtry,ROC,Sens,Spec
2,0.873299319727891,0.333333333333333,0.979591836734694
3,0.883503401360544,0.416666666666667,0.979591836734694
4,0.884353741496599,0.416666666666667,0.959183673469388
5,0.874149659863946,0.416666666666667,0.979591836734694
6,0.881802721088435,0.416666666666667,0.959183673469388
7,0.880102040816326,0.416666666666667,0.959183673469388
