AUC	p.value	sensitivity	specificity
0.742809995285243	6.76097984376949e-09	0.747575757575758	0.584259259259259
