AUC	p.value	sensitivity	specificity
0.947489391796323	1.53774618103886e-26	0.920792079207921	0.880952380952381
