AUC	p.value	sensitivity	specificity
0.792761904761905	3.59588288120909e-08	0.988888888888889	0.0694444444444444
