AUC	p.value	sensitivity	specificity
0.654	0.00227490008197859	0.873333333333333	0.336111111111111
