AUC	p.value	sensitivity	specificity
0.949428571428571	1.20898494940669e-20	0.993333333333333	0.885714285714286
