AUC	p.value	sensitivity	specificity
0.599657205019227	4.59969015794072e-05	0.811587301587302	0.33015873015873
