AUC	p.value	sensitivity	specificity
0.953324225865209	5.57766015432247e-25	0.965277777777778	0.704918032786885
