AUC	p.value	sensitivity	specificity
0.682177348551361	4.4810937291184e-05	0.714285714285714	0.516666666666667
