AUC	p.value	sensitivity	specificity
0.567154776274273	0.00198597541819156	0.600909090909091	0.497777777777778
