AUC	p.value	sensitivity	specificity
0.676052982656756	5.97792518229315e-06	0.660377358490566	0.595959595959596
