ID,NumberAtts,Atts,purity
1,3,ESRP2 SRSF5 RNU6,0.704819277108434
2,4,ESRP2 SRSF5 RNU6 SND1,0.704819277108434
