AUC	p.value	sensitivity	specificity
0.686589253187614	1.21920646348406e-13	0.962539682539683	0.0865079365079365
