AUC	p.value	sensitivity	specificity
0.618986115595738	0.0112774045293172	0.870588235294118	0.319444444444444
