AUC	p.value	sensitivity	specificity
0.737891507910881	2.53611001647475e-06	0.967524509803922	0.252777777777778
