AUC	p.value	sensitivity	specificity
0.873910235711979	7.96327142130286e-17	0.975460122699387	0.684210526315789
