AUC	p.value	sensitivity	specificity
0.557493170700718	0.00680681390427278	0.649090909090909	0.518888888888889
