AUC	p.value	sensitivity	specificity
0.704148986327204	6.29023683699073e-07	0.668181818181818	0.625925925925926
