AUC	p.value	sensitivity	specificity
0.530	0.884007811909811	0.932380952380952	0.10952380952381
