AUC	p.value	sensitivity	specificity
0.670935792349727	5.29414691276129e-05	0.958333333333333	0.147540983606557
