AUC	p.value	sensitivity	specificity
0.871085747731929	3.33874419414598e-15	0.908791208791209	0.511111111111111
