AUC	p.value	sensitivity	specificity
0.632621179923093	9.24438486965683e-08	0.928253968253968	0.138888888888889
