AUC	p.value	sensitivity	specificity
0.681295537340619	1.9927470486217e-06	0.9375	0.229508196721311
